{
    "_ColorR": 1.0,
    "_ColorG": 1.0,
    "_ColorB": 1.0,
    "_RampLevels": 2.0,
    "_LightScalar": 4.0,
    "_HighColorR": 1.0,
    "_HighColorG": 1.0,
    "_HighColorB": 1.0,
    "_HighIntensity": 1.5,
    "_LowColorR": 0.6415094137191773,
    "_LowColorG": 0.1301174759864807,
    "_LowColorB": 0.1301174759864807,
    "_LowIntensity": 1.0,
    "_OutlineColorR": 0.0,
    "_OutlineColorG": 0.0,
    "_OutlineColorB": 0.0,
    "_OutlineSize": 5.860000133514404,
    "_RimColorR": 0.0,
    "_RimColorG": 0.0,
    "_RimColorB": 0.0,
    "_RimAlpha": 1.0,
    "_RimPower": 0.41200000047683718,
    "_RimDropOff": 0.5730000138282776,
    "_FresnelColorR": 0.22641509771347047,
    "_FresnelColorG": 0.02883588708937168,
    "_FresnelColorB": 0.02883588708937168,
    "_FresnelBrightness": 0.875,
    "_FresnelPower": 0.6729999780654907,
    "_FresnelShadowDropoff": 0.4560000002384186,
    "_GradYCap": 0.0,
    "_GradIntensity": 0.0
}