{
    "_ColorR": 1.0,
    "_ColorG": 1.0,
    "_ColorB": 1.0,
    "_RampLevels": 2.0,
    "_LightScalar": 1.5,
    "_HighColorR": 0.7452830076217651,
    "_HighColorG": 0.6995816826820374,
    "_HighColorB": 0.6995816826820374,
    "_HighIntensity": 2.3499999046325685,
    "_LowColorR": 0.1603773832321167,
    "_LowColorG": 0.0007564988918602467,
    "_LowColorB": 0.0007564988918602467,
    "_LowIntensity": 1.0,
    "_OutlineColorR": 0.0,
    "_OutlineColorG": 0.0,
    "_OutlineColorB": 0.0,
    "_OutlineSize": 4.679999828338623,
    "_RimColorR": 0.7735849022865295,
    "_RimColorG": 0.0,
    "_RimColorB": 0.0,
    "_RimAlpha": 0.46799999475479128,
    "_RimPower": 0.42500001192092898,
    "_RimDropOff": 0.6169999837875366,
    "_FresnelColorR": 1.0,
    "_FresnelColorG": 1.0,
    "_FresnelColorB": 1.0,
    "_FresnelBrightness": 0.0,
    "_FresnelPower": 0.0,
    "_FresnelShadowDropoff": 0.0,
    "_GradYCap": 0.0,
    "_GradIntensity": 0.0
}