{
    "_ColorR": 1.0,
    "_ColorG": 1.0,
    "_ColorB": 1.0,
    "_RampLevels": 2.0,
    "_LightScalar": 1.0,
    "_HighColorR": 0.24528300762176515,
    "_HighColorG": 0.24528300762176515,
    "_HighColorB": 0.24528300762176515,
    "_HighIntensity": 1.5,
    "_LowColorR": 0.6603773832321167,
    "_LowColorG": 0.0,
    "_LowColorB": 0.0,
    "_LowIntensity": 1.5099999904632569,
    "_OutlineColorR": 0.0,
    "_OutlineColorG": 0.0,
    "_OutlineColorB": 0.0,
    "_OutlineSize": 6.0,
    "_RimColorR": 0.19811320304870606,
    "_RimColorG": 0.18970273435115815,
    "_RimColorB": 0.18970273435115815,
    "_RimAlpha": 0.47200000286102297,
    "_RimPower": 0.125,
    "_RimDropOff": 0.3179999887943268,
    "_FresnelColorR": 1.0,
    "_FresnelColorG": 1.0,
    "_FresnelColorB": 1.0,
    "_FresnelBrightness": 0.0,
    "_FresnelPower": 0.0,
    "_FresnelShadowDropoff": 0.0,
    "_GradYCap": 0.0,
    "_GradIntensity": 0.0
}