{
    "_ColorR": 1.0,
    "_ColorG": 0.7686275243759155,
    "_ColorB": 0.7450980544090271,
    "_RampLevels": 2.0,
    "_LightScalar": 3.0,
    "_HighColorR": 1.0,
    "_HighColorG": 1.0,
    "_HighColorB": 1.0,
    "_HighIntensity": 1.5,
    "_LowColorR": 0.05882353335618973,
    "_LowColorG": 0.03529411926865578,
    "_LowColorB": 0.062745101749897,
    "_LowIntensity": 1.0,
    "_OutlineColorR": 0.0,
    "_OutlineColorG": 0.0,
    "_OutlineColorB": 0.0,
    "_OutlineSize": 5.0,
    "_RimColorR": 0.7641509771347046,
    "_RimColorG": 0.7641509771347046,
    "_RimColorB": 0.7641509771347046,
    "_RimAlpha": 0.43299999833106997,
    "_RimPower": 0.21299999952316285,
    "_RimDropOff": 0.4399999976158142,
    "_FresnelColorR": 0.7647059559822083,
    "_FresnelColorG": 0.7647059559822083,
    "_FresnelColorB": 0.7647059559822083,
    "_FresnelBrightness": 0.6389999985694885,
    "_FresnelPower": 0.08500000089406967,
    "_FresnelShadowDropoff": 0.05000000074505806,
    "_GradYCap": 0.0,
    "_GradIntensity": 0.0
}