{
    "_ColorR": 0.7735849022865295,
    "_ColorG": 0.6166785359382629,
    "_ColorB": 0.6166785359382629,
    "_RampLevels": 2.0,
    "_LightScalar": 1.0,
    "_HighColorR": 0.8207547068595886,
    "_HighColorG": 0.7162246108055115,
    "_HighColorB": 0.7162246108055115,
    "_HighIntensity": 1.5,
    "_LowColorR": 0.23760412633419038,
    "_LowColorG": 0.19450871646404267,
    "_LowColorB": 0.2924528121948242,
    "_LowIntensity": 1.0,
    "_OutlineColorR": 0.12955054640769959,
    "_OutlineColorG": 0.0,
    "_OutlineColorB": 0.2924528121948242,
    "_OutlineSize": 10.0,
    "_RimColorR": 0.0,
    "_RimColorG": 0.0,
    "_RimColorB": 0.0,
    "_RimAlpha": 0.3400000035762787,
    "_RimPower": 0.5370000004768372,
    "_RimDropOff": 1.0,
    "_FresnelColorR": 0.12941177189350129,
    "_FresnelColorG": 0.0,
    "_FresnelColorB": 0.29411765933036806,
    "_FresnelBrightness": 0.5569999814033508,
    "_FresnelPower": 0.7089999914169312,
    "_FresnelShadowDropoff": 0.2549999952316284,
    "_GradYCap": 0.0,
    "_GradIntensity": 0.0
}