{
    "_ColorR": 1.0,
    "_ColorG": 1.0,
    "_ColorB": 1.0,
    "_RampLevels": 2.0,
    "_LightScalar": 1.5,
    "_HighColorR": 0.9176855683326721,
    "_HighColorG": 0.7896493077278137,
    "_HighColorB": 0.9905660152435303,
    "_HighIntensity": 1.5,
    "_LowColorR": 0.27358490228652956,
    "_LowColorG": 0.006452473346143961,
    "_LowColorB": 0.2546541392803192,
    "_LowIntensity": 0.20000000298023225,
    "_OutlineColorR": 0.0,
    "_OutlineColorG": 0.0,
    "_OutlineColorB": 0.0,
    "_OutlineSize": 4.5,
    "_RimColorR": 0.5568627715110779,
    "_RimColorG": 0.05882353335618973,
    "_RimColorB": 0.5215686559677124,
    "_RimAlpha": 0.652999997138977,
    "_RimPower": 0.5659999847412109,
    "_RimDropOff": 0.28200000524520876,
    "_FresnelColorR": 0.9622641801834106,
    "_FresnelColorG": 0.08624063432216644,
    "_FresnelColorB": 0.8973813056945801,
    "_FresnelBrightness": 0.4050000011920929,
    "_FresnelPower": 0.492000013589859,
    "_FresnelShadowDropoff": 0.4050000011920929,
    "_GradYCap": 0.0,
    "_GradIntensity": 0.0
}